-- MySQL dump 10.13  Distrib 8.0.46, for Win64 (x86_64)
--
-- Host: localhost    Database: water_monitor
-- ------------------------------------------------------
-- Server version	8.0.46

/*!40101 SET @OLD_CHARACTER_SET_CLIENT=@@CHARACTER_SET_CLIENT */;
/*!40101 SET @OLD_CHARACTER_SET_RESULTS=@@CHARACTER_SET_RESULTS */;
/*!40101 SET @OLD_COLLATION_CONNECTION=@@COLLATION_CONNECTION */;
/*!50503 SET NAMES utf8 */;
/*!40103 SET @OLD_TIME_ZONE=@@TIME_ZONE */;
/*!40103 SET TIME_ZONE='+00:00' */;
/*!40014 SET @OLD_UNIQUE_CHECKS=@@UNIQUE_CHECKS, UNIQUE_CHECKS=0 */;
/*!40014 SET @OLD_FOREIGN_KEY_CHECKS=@@FOREIGN_KEY_CHECKS, FOREIGN_KEY_CHECKS=0 */;
/*!40101 SET @OLD_SQL_MODE=@@SQL_MODE, SQL_MODE='NO_AUTO_VALUE_ON_ZERO' */;
/*!40111 SET @OLD_SQL_NOTES=@@SQL_NOTES, SQL_NOTES=0 */;

--
-- Table structure for table `alerts`
--

DROP TABLE IF EXISTS `alerts`;
/*!40101 SET @saved_cs_client     = @@character_set_client */;
/*!50503 SET character_set_client = utf8mb4 */;
CREATE TABLE `alerts` (
  `id` int NOT NULL AUTO_INCREMENT,
  `device_id` int DEFAULT NULL,
  `user_id` int DEFAULT NULL,
  `title` varchar(150) NOT NULL,
  `message` text NOT NULL,
  `image_url` varchar(255) DEFAULT NULL,
  `alert_type` enum('SYSTEM','MANUAL') NOT NULL,
  `severity` enum('INFO','WARNING','CRITICAL') NOT NULL,
  `is_active` tinyint(1) DEFAULT '1',
  `created_at` timestamp NULL DEFAULT CURRENT_TIMESTAMP,
  `expires_at` datetime DEFAULT NULL,
  PRIMARY KEY (`id`),
  KEY `device_id` (`device_id`),
  KEY `user_id` (`user_id`),
  CONSTRAINT `alerts_ibfk_1` FOREIGN KEY (`device_id`) REFERENCES `devices` (`id`) ON DELETE SET NULL,
  CONSTRAINT `alerts_ibfk_2` FOREIGN KEY (`user_id`) REFERENCES `users` (`id`) ON DELETE SET NULL
) ENGINE=InnoDB AUTO_INCREMENT=15 DEFAULT CHARSET=utf8mb4 COLLATE=utf8mb4_0900_ai_ci;
/*!40101 SET character_set_client = @saved_cs_client */;

--
-- Dumping data for table `alerts`
--

LOCK TABLES `alerts` WRITE;
/*!40000 ALTER TABLE `alerts` DISABLE KEYS */;
INSERT INTO `alerts` VALUES (5,4,NULL,'WARNING: High Water Level - ESP32 Water Monitor','Water level at ESP32 Water Monitor (Main Station) has reached 82.6%. Please stay alert.',NULL,'SYSTEM','WARNING',0,'2026-07-07 07:28:31',NULL),(6,4,NULL,'CRITICAL: High Water Level - ESP32 Water Monitor','CRITICAL: Water level at ESP32 Water Monitor (Main Station) has reached 85.1%! Evacuate low-lying areas immediately.',NULL,'SYSTEM','CRITICAL',0,'2026-07-07 07:31:50',NULL),(7,NULL,2,'yawa','layas namo',NULL,'MANUAL','WARNING',0,'2026-07-07 07:35:50',NULL),(8,4,NULL,'WARNING: High Water Level - ESP32 Water Monitor','Water level at ESP32 Water Monitor (Main Station) has reached 55.1%. Please stay alert.',NULL,'SYSTEM','WARNING',0,'2026-07-07 07:39:53',NULL),(9,4,NULL,'CRITICAL: High Water Level - ESP32 Water Monitor','CRITICAL: Water level at ESP32 Water Monitor (Main Station) has reached 76.5%! Evacuate low-lying areas immediately.',NULL,'SYSTEM','CRITICAL',0,'2026-07-07 07:58:45',NULL),(10,4,NULL,'CRITICAL: High Water Level - ESP32 Water Monitor','CRITICAL: Water level at ESP32 Water Monitor (Main Station) has reached 92%! Evacuate low-lying areas immediately.',NULL,'SYSTEM','CRITICAL',1,'2026-07-07 09:05:00',NULL),(11,4,NULL,'WARNING: High Water Level - ESP32 Water Monitor','Water level at ESP32 Water Monitor (Main Station) has reached 62.2%. Please stay alert.',NULL,'SYSTEM','WARNING',1,'2026-07-07 09:19:41',NULL),(12,4,NULL,'Connection Lost','Monitoring Station DEV-001 (ESP32 Water Monitor) has lost connection. Data is currently unavailable.',NULL,'SYSTEM','WARNING',0,'2026-07-07 09:23:01',NULL),(13,5,NULL,'High Water Level Warning','Water level rising rapidly at North Bridge',NULL,'SYSTEM','WARNING',1,'2026-07-09 07:18:28','2026-07-09 17:18:28'),(14,NULL,2,'ef','e',NULL,'MANUAL','WARNING',1,'2026-07-09 08:03:23',NULL);
/*!40000 ALTER TABLE `alerts` ENABLE KEYS */;
UNLOCK TABLES;

--
-- Table structure for table `devices`
--

DROP TABLE IF EXISTS `devices`;
/*!40101 SET @saved_cs_client     = @@character_set_client */;
/*!50503 SET character_set_client = utf8mb4 */;
CREATE TABLE `devices` (
  `id` int NOT NULL AUTO_INCREMENT,
  `device_name` varchar(100) NOT NULL,
  `device_code` varchar(50) NOT NULL,
  `location` varchar(255) NOT NULL,
  `latitude` decimal(10,8) DEFAULT NULL,
  `longitude` decimal(11,8) DEFAULT NULL,
  `status` enum('online','offline') DEFAULT 'offline',
  `last_seen` datetime DEFAULT NULL,
  `created_at` timestamp NULL DEFAULT CURRENT_TIMESTAMP,
  `updated_at` timestamp NULL DEFAULT CURRENT_TIMESTAMP ON UPDATE CURRENT_TIMESTAMP,
  `is_active` tinyint(1) DEFAULT '1',
  PRIMARY KEY (`id`),
  UNIQUE KEY `device_code` (`device_code`)
) ENGINE=InnoDB AUTO_INCREMENT=7 DEFAULT CHARSET=utf8mb4 COLLATE=utf8mb4_0900_ai_ci;
/*!40101 SET character_set_client = @saved_cs_client */;

--
-- Dumping data for table `devices`
--

LOCK TABLES `devices` WRITE;
/*!40000 ALTER TABLE `devices` DISABLE KEYS */;
INSERT INTO `devices` VALUES (4,'ESP32 Water Monitor','DEV-001','Main Station',8.47477827,123.79352332,'online','2026-07-07 17:38:45','2026-07-07 07:14:37','2026-07-07 09:38:45',1),(5,'River Station Alpha','DEV_ALPHA_001','North Bridge',NULL,NULL,'online','2026-07-09 15:17:03','2026-07-09 07:17:03','2026-07-09 07:17:03',1);
/*!40000 ALTER TABLE `devices` ENABLE KEYS */;
UNLOCK TABLES;

--
-- Table structure for table `migrations`
--

DROP TABLE IF EXISTS `migrations`;
/*!40101 SET @saved_cs_client     = @@character_set_client */;
/*!50503 SET character_set_client = utf8mb4 */;
CREATE TABLE `migrations` (
  `id` int unsigned NOT NULL AUTO_INCREMENT,
  `migration` varchar(255) COLLATE utf8mb4_unicode_ci NOT NULL,
  `batch` int NOT NULL,
  PRIMARY KEY (`id`)
) ENGINE=InnoDB AUTO_INCREMENT=6 DEFAULT CHARSET=utf8mb4 COLLATE=utf8mb4_unicode_ci;
/*!40101 SET character_set_client = @saved_cs_client */;

--
-- Dumping data for table `migrations`
--

LOCK TABLES `migrations` WRITE;
/*!40000 ALTER TABLE `migrations` DISABLE KEYS */;
INSERT INTO `migrations` VALUES (1,'0001_01_01_000000_create_users_table',1),(2,'0001_01_01_000001_create_cache_table',1),(3,'0001_01_01_000002_create_jobs_table',1),(4,'2026_07_07_110644_create_personal_access_tokens_table',2),(5,'2026_07_07_165408_add_gps_coordinates_to_devices_table',3);
/*!40000 ALTER TABLE `migrations` ENABLE KEYS */;
UNLOCK TABLES;

--
-- Table structure for table `personal_access_tokens`
--

DROP TABLE IF EXISTS `personal_access_tokens`;
/*!40101 SET @saved_cs_client     = @@character_set_client */;
/*!50503 SET character_set_client = utf8mb4 */;
CREATE TABLE `personal_access_tokens` (
  `id` bigint unsigned NOT NULL AUTO_INCREMENT,
  `tokenable_type` varchar(255) COLLATE utf8mb4_unicode_ci NOT NULL,
  `tokenable_id` bigint unsigned NOT NULL,
  `name` text COLLATE utf8mb4_unicode_ci NOT NULL,
  `token` varchar(64) COLLATE utf8mb4_unicode_ci NOT NULL,
  `abilities` text COLLATE utf8mb4_unicode_ci,
  `last_used_at` timestamp NULL DEFAULT NULL,
  `expires_at` timestamp NULL DEFAULT NULL,
  `created_at` timestamp NULL DEFAULT NULL,
  `updated_at` timestamp NULL DEFAULT NULL,
  PRIMARY KEY (`id`),
  UNIQUE KEY `personal_access_tokens_token_unique` (`token`),
  KEY `personal_access_tokens_tokenable_type_tokenable_id_index` (`tokenable_type`,`tokenable_id`),
  KEY `personal_access_tokens_expires_at_index` (`expires_at`)
) ENGINE=InnoDB AUTO_INCREMENT=25 DEFAULT CHARSET=utf8mb4 COLLATE=utf8mb4_unicode_ci;
/*!40101 SET character_set_client = @saved_cs_client */;

--
-- Dumping data for table `personal_access_tokens`
--

LOCK TABLES `personal_access_tokens` WRITE;
/*!40000 ALTER TABLE `personal_access_tokens` DISABLE KEYS */;
INSERT INTO `personal_access_tokens` VALUES (1,'App\\Models\\User',2,'auth-token','dd4130e7bad4c80d0016d96c0464115bc7fab8c30d3179b9f2e25d3d0fc859a1','[\"*\"]','2026-07-07 03:22:46',NULL,'2026-07-07 03:22:08','2026-07-07 03:22:46'),(2,'App\\Models\\User',3,'auth-token','b5028c3d06b8b73b718416b684421aca96596e116ebc801f85a05e2b8f996fa7','[\"*\"]',NULL,NULL,'2026-07-07 03:23:07','2026-07-07 03:23:07'),(3,'App\\Models\\User',3,'auth-token','2a042dfeb100496f6657368e6669fe7b43c5065e5d78f8c4d93ee2e4a682bd57','[\"*\"]','2026-07-07 03:26:24',NULL,'2026-07-07 03:26:24','2026-07-07 03:26:24'),(4,'App\\Models\\User',2,'auth-token','0a503d7f87b00f8199f06d3831af173852abdba5095b34b6bafeed260ea34600','[\"*\"]','2026-07-07 03:26:41',NULL,'2026-07-07 03:26:41','2026-07-07 03:26:41'),(5,'App\\Models\\User',2,'auth-token','590f72f33b9d26cfaf5a6ee2942ebf5432cb4693cf2fae294dc6d9aa88ae656a','[\"*\"]','2026-07-07 03:32:30',NULL,'2026-07-07 03:32:29','2026-07-07 03:32:30'),(6,'App\\Models\\User',3,'auth-token','d86ee4765e46be6c238adbd7c339211800bd14c02831b1abf50c0c8a196a6b79','[\"*\"]','2026-07-07 03:33:00',NULL,'2026-07-07 03:32:59','2026-07-07 03:33:00'),(7,'App\\Models\\User',3,'auth-token','7a157f4482ca5fafb29eeb494c2d1da148de9dcc32d903726f01e8876dc6bd13','[\"*\"]','2026-07-07 03:33:52',NULL,'2026-07-07 03:33:52','2026-07-07 03:33:52'),(8,'App\\Models\\User',2,'auth-token','8f16d8256c8ed64604f0f5fc2878b7f31b396deec2eea98d0632147450e9d92f','[\"*\"]','2026-07-07 03:43:48',NULL,'2026-07-07 03:43:48','2026-07-07 03:43:48'),(9,'App\\Models\\User',2,'auth-token','0dff0c0f98b791a683ebe8b7feb4b2e25fe97d19ff51d4f787765c53c6b5681f','[\"*\"]','2026-07-07 03:45:10',NULL,'2026-07-07 03:45:09','2026-07-07 03:45:10'),(10,'App\\Models\\User',2,'auth-token','06a331239b3f3d2b27f68424bb25f44fc24926bc85421cb8a491a1fb1307f850','[\"*\"]','2026-07-07 03:51:12',NULL,'2026-07-07 03:51:11','2026-07-07 03:51:12'),(11,'App\\Models\\User',2,'auth-token','612506c7bb950791087f532d8c06bfd01850fca16735029912c79d6a2d8b4c96','[\"*\"]','2026-07-07 03:54:50',NULL,'2026-07-07 03:54:49','2026-07-07 03:54:50'),(12,'App\\Models\\User',2,'auth-token','51e4471f936ef03f58454817a246f2aea51accffa874c0c8ebb8b24435d6e816','[\"*\"]','2026-07-07 03:55:18',NULL,'2026-07-07 03:55:17','2026-07-07 03:55:18'),(13,'App\\Models\\User',2,'auth-token','2cf3eff56b7983c5e3d0e3123bb924d6926d94d78969f6146aeda9289710f3d7','[\"*\"]','2026-07-07 03:58:30',NULL,'2026-07-07 03:58:29','2026-07-07 03:58:30'),(14,'App\\Models\\User',2,'auth-token','54e4be57ed4588f3d8708debbacd3c9b2cb1a2408ab8a27cc16cafa20276f98a','[\"*\"]','2026-07-07 03:58:53',NULL,'2026-07-07 03:58:53','2026-07-07 03:58:53'),(15,'App\\Models\\User',2,'auth-token','990db67c2526709767542d4bc29fcafb37ae252ee4a74596a49e1fe341258107','[\"*\"]','2026-07-07 04:05:12',NULL,'2026-07-07 04:05:10','2026-07-07 04:05:12'),(16,'App\\Models\\User',2,'auth-token','d28b8b6cf7cf3543e6286b42b45e359449b8fbe511b4aac6d8965e91970b7158','[\"*\"]','2026-07-07 04:05:56',NULL,'2026-07-07 04:05:56','2026-07-07 04:05:56'),(17,'App\\Models\\User',1,'esp32-device-token','14a5cb27395c1d6bb14c23f024b891fa8340b346fc10ed2d23490b7093d142e1','[\"*\"]','2026-07-07 09:38:45',NULL,'2026-07-07 04:10:53','2026-07-07 09:38:45'),(18,'App\\Models\\User',2,'auth-token','be8c135c480618667a93751ce061f537eec980579844d1ea6530f1765ae9ed4e','[\"*\"]','2026-07-07 07:04:48',NULL,'2026-07-07 04:49:30','2026-07-07 07:04:48'),(20,'App\\Models\\User',2,'auth-token','5523790b47b8a29299bd4787c2db71a297ee16f7befb91a44a9e9b0c3694124f','[\"*\"]','2026-07-07 09:37:51',NULL,'2026-07-07 09:27:43','2026-07-07 09:37:51'),(23,'App\\Models\\User',2,'auth-token','d57d6ac9c26d35e4ac8525e0b2352a4b52c05e6d4d6515fd45fb360878787d8e','[\"*\"]','2026-07-09 07:40:20',NULL,'2026-07-09 06:26:05','2026-07-09 07:40:20'),(24,'App\\Models\\User',2,'auth-token','311888c7db0cda64ff1635a1e7f5839c650e9e8208dbff26d4d997e2ec9233d5','[\"*\"]','2026-07-09 08:03:23',NULL,'2026-07-09 07:53:45','2026-07-09 08:03:23');
/*!40000 ALTER TABLE `personal_access_tokens` ENABLE KEYS */;
UNLOCK TABLES;

--
-- Table structure for table `sensor_readings`
--

DROP TABLE IF EXISTS `sensor_readings`;
/*!40101 SET @saved_cs_client     = @@character_set_client */;
/*!50503 SET character_set_client = utf8mb4 */;
CREATE TABLE `sensor_readings` (
  `id` int NOT NULL AUTO_INCREMENT,
  `device_id` int NOT NULL,
  `distance_cm` decimal(6,2) NOT NULL,
  `water_level_percent` decimal(5,2) NOT NULL,
  `status` enum('SAFE','WARNING','CRITICAL') NOT NULL,
  `created_at` timestamp NULL DEFAULT CURRENT_TIMESTAMP,
  PRIMARY KEY (`id`),
  KEY `device_id` (`device_id`),
  CONSTRAINT `sensor_readings_ibfk_1` FOREIGN KEY (`device_id`) REFERENCES `devices` (`id`) ON DELETE CASCADE
) ENGINE=InnoDB AUTO_INCREMENT=871 DEFAULT CHARSET=utf8mb4 COLLATE=utf8mb4_0900_ai_ci;
/*!40101 SET character_set_client = @saved_cs_client */;

--
-- Dumping data for table `sensor_readings`
--

LOCK TABLES `sensor_readings` WRITE;
/*!40000 ALTER TABLE `sensor_readings` DISABLE KEYS */;
INSERT INTO `sensor_readings` VALUES (7,4,52.20,82.60,'WARNING','2026-07-07 07:28:31'),(8,4,51.60,82.80,'WARNING','2026-07-07 07:28:35'),(9,4,51.40,82.90,'WARNING','2026-07-07 07:28:40'),(10,4,51.40,82.90,'WARNING','2026-07-07 07:28:43'),(11,4,52.10,82.60,'WARNING','2026-07-07 07:28:46'),(12,4,52.00,82.70,'WARNING','2026-07-07 07:28:49'),(13,4,66.60,77.80,'WARNING','2026-07-07 07:28:52'),(14,4,78.70,73.80,'WARNING','2026-07-07 07:28:55'),(15,4,79.00,73.70,'WARNING','2026-07-07 07:28:58'),(16,4,79.70,73.40,'WARNING','2026-07-07 07:29:01'),(17,4,80.20,73.30,'WARNING','2026-07-07 07:29:04'),(18,4,80.50,73.20,'WARNING','2026-07-07 07:29:07'),(19,4,61.40,79.50,'WARNING','2026-07-07 07:29:10'),(20,4,96.10,68.00,'WARNING','2026-07-07 07:29:13'),(21,4,101.40,66.20,'WARNING','2026-07-07 07:29:16'),(22,4,108.80,63.70,'SAFE','2026-07-07 07:29:19'),(23,4,109.80,63.40,'SAFE','2026-07-07 07:29:22'),(24,4,109.60,63.50,'SAFE','2026-07-07 07:29:25'),(25,4,108.60,63.80,'SAFE','2026-07-07 07:29:30'),(26,4,91.00,69.70,'WARNING','2026-07-07 07:29:35'),(27,4,113.80,62.10,'SAFE','2026-07-07 07:29:40'),(28,4,111.10,63.00,'SAFE','2026-07-07 07:29:45'),(29,4,109.90,63.40,'SAFE','2026-07-07 07:29:50'),(30,4,109.30,63.60,'SAFE','2026-07-07 07:29:55'),(31,4,107.90,64.00,'SAFE','2026-07-07 07:30:00'),(32,4,109.40,63.50,'SAFE','2026-07-07 07:30:05'),(33,4,120.80,59.70,'SAFE','2026-07-07 07:30:10'),(34,4,125.50,58.20,'SAFE','2026-07-07 07:30:15'),(35,4,129.40,56.90,'SAFE','2026-07-07 07:30:20'),(36,4,125.10,58.30,'SAFE','2026-07-07 07:30:25'),(37,4,116.40,61.20,'SAFE','2026-07-07 07:30:30'),(38,4,107.80,64.10,'SAFE','2026-07-07 07:30:35'),(39,4,102.50,65.80,'WARNING','2026-07-07 07:30:40'),(40,4,92.10,69.30,'WARNING','2026-07-07 07:30:45'),(41,4,100.40,66.50,'WARNING','2026-07-07 07:30:50'),(42,4,87.40,70.90,'WARNING','2026-07-07 07:30:53'),(43,4,99.80,66.70,'WARNING','2026-07-07 07:30:56'),(44,4,88.40,70.50,'WARNING','2026-07-07 07:30:59'),(45,4,85.60,71.50,'WARNING','2026-07-07 07:31:02'),(46,4,84.40,71.90,'WARNING','2026-07-07 07:31:05'),(47,4,84.50,71.80,'WARNING','2026-07-07 07:31:08'),(48,4,82.60,72.50,'WARNING','2026-07-07 07:31:11'),(49,4,73.90,75.40,'WARNING','2026-07-07 07:31:14'),(50,4,70.50,76.50,'WARNING','2026-07-07 07:31:17'),(51,4,69.00,77.00,'WARNING','2026-07-07 07:31:20'),(52,4,63.60,78.80,'WARNING','2026-07-07 07:31:23'),(53,4,60.70,79.80,'WARNING','2026-07-07 07:31:26'),(54,4,57.30,80.90,'WARNING','2026-07-07 07:31:29'),(55,4,46.80,84.40,'WARNING','2026-07-07 07:31:32'),(56,4,47.70,84.10,'WARNING','2026-07-07 07:31:35'),(57,4,47.70,84.10,'WARNING','2026-07-07 07:31:38'),(58,4,47.70,84.10,'WARNING','2026-07-07 07:31:41'),(59,4,47.70,84.10,'WARNING','2026-07-07 07:31:44'),(60,4,47.40,84.20,'WARNING','2026-07-07 07:31:47'),(61,4,44.80,85.10,'CRITICAL','2026-07-07 07:31:50'),(62,4,44.20,85.30,'CRITICAL','2026-07-07 07:31:53'),(63,4,43.90,85.40,'CRITICAL','2026-07-07 07:31:56'),(64,4,44.20,85.30,'CRITICAL','2026-07-07 07:31:57'),(65,4,44.30,85.20,'CRITICAL','2026-07-07 07:31:58'),(66,4,44.30,85.20,'CRITICAL','2026-07-07 07:31:59'),(67,4,44.50,85.20,'CRITICAL','2026-07-07 07:32:00'),(68,4,44.40,85.20,'CRITICAL','2026-07-07 07:32:01'),(69,4,44.50,85.20,'CRITICAL','2026-07-07 07:32:02'),(70,4,44.60,85.10,'CRITICAL','2026-07-07 07:32:03'),(71,4,44.70,85.10,'CRITICAL','2026-07-07 07:32:04'),(72,4,46.70,84.40,'WARNING','2026-07-07 07:32:05'),(73,4,49.10,83.60,'WARNING','2026-07-07 07:32:06'),(74,4,52.70,82.40,'WARNING','2026-07-07 07:32:07'),(75,4,53.50,82.20,'WARNING','2026-07-07 07:32:10'),(76,4,53.90,82.00,'WARNING','2026-07-07 07:32:13'),(77,4,46.60,84.50,'WARNING','2026-07-07 07:32:16'),(78,4,54.10,82.00,'WARNING','2026-07-07 07:32:19'),(79,4,54.50,81.80,'WARNING','2026-07-07 07:32:22'),(80,4,54.30,81.90,'WARNING','2026-07-07 07:32:25'),(81,4,54.40,81.90,'WARNING','2026-07-07 07:32:28'),(82,4,53.70,82.10,'WARNING','2026-07-07 07:32:31'),(83,4,53.60,82.10,'WARNING','2026-07-07 07:32:34'),(84,4,55.10,81.60,'WARNING','2026-07-07 07:32:37'),(85,4,53.50,82.20,'WARNING','2026-07-07 07:32:40'),(86,4,54.70,81.80,'WARNING','2026-07-07 07:32:43'),(87,4,54.60,81.80,'WARNING','2026-07-07 07:32:46'),(88,4,54.90,81.70,'CRITICAL','2026-07-07 07:32:49'),(89,4,55.20,81.60,'CRITICAL','2026-07-07 07:32:52'),(90,4,55.30,81.60,'CRITICAL','2026-07-07 07:32:55'),(91,4,55.40,81.50,'CRITICAL','2026-07-07 07:32:58'),(92,4,55.40,81.50,'CRITICAL','2026-07-07 07:33:01'),(93,4,55.50,81.50,'CRITICAL','2026-07-07 07:33:04'),(94,4,54.00,82.00,'CRITICAL','2026-07-07 07:33:12'),(95,4,54.70,81.80,'CRITICAL','2026-07-07 07:33:17'),(96,4,55.50,81.50,'CRITICAL','2026-07-07 07:33:22'),(97,4,53.60,82.10,'CRITICAL','2026-07-07 07:33:23'),(98,4,59.30,80.20,'CRITICAL','2026-07-07 07:33:24'),(99,4,72.30,75.90,'CRITICAL','2026-07-07 07:33:25'),(100,4,75.00,75.00,'CRITICAL','2026-07-07 07:33:26'),(101,4,76.30,74.60,'WARNING','2026-07-07 07:33:27'),(102,4,75.50,74.80,'WARNING','2026-07-07 07:33:28'),(103,4,67.30,77.60,'CRITICAL','2026-07-07 07:33:29'),(104,4,61.50,79.50,'CRITICAL','2026-07-07 07:33:30'),(105,4,61.10,79.60,'CRITICAL','2026-07-07 07:33:31'),(106,4,60.40,79.90,'CRITICAL','2026-07-07 07:33:32'),(107,4,60.10,80.00,'CRITICAL','2026-07-07 07:33:33'),(108,4,59.60,80.10,'CRITICAL','2026-07-07 07:33:34'),(109,4,58.90,80.40,'CRITICAL','2026-07-07 07:33:35'),(110,4,57.80,80.70,'CRITICAL','2026-07-07 07:33:36'),(111,4,57.30,80.90,'CRITICAL','2026-07-07 07:33:37'),(112,4,57.20,80.90,'CRITICAL','2026-07-07 07:33:38'),(113,4,56.40,81.20,'CRITICAL','2026-07-07 07:33:39'),(114,4,56.80,81.10,'CRITICAL','2026-07-07 07:33:40'),(115,4,57.00,81.00,'CRITICAL','2026-07-07 07:33:41'),(116,4,57.00,81.00,'CRITICAL','2026-07-07 07:33:42'),(117,4,74.50,75.20,'CRITICAL','2026-07-07 07:33:43'),(118,4,78.00,74.00,'WARNING','2026-07-07 07:33:44'),(119,4,79.20,73.60,'WARNING','2026-07-07 07:33:45'),(120,4,79.20,73.60,'WARNING','2026-07-07 07:33:46'),(121,4,78.40,73.90,'WARNING','2026-07-07 07:33:49'),(122,4,78.20,73.90,'WARNING','2026-07-07 07:33:52'),(123,4,78.30,73.90,'WARNING','2026-07-07 07:33:55'),(124,4,78.40,73.90,'WARNING','2026-07-07 07:33:58'),(125,4,77.60,74.10,'WARNING','2026-07-07 07:34:01'),(126,4,36.60,87.80,'CRITICAL','2026-07-07 07:35:00'),(127,4,36.00,88.00,'CRITICAL','2026-07-07 07:35:05'),(128,4,35.00,88.30,'CRITICAL','2026-07-07 07:35:10'),(129,4,35.00,88.30,'CRITICAL','2026-07-07 07:35:11'),(130,4,34.80,88.40,'CRITICAL','2026-07-07 07:35:12'),(131,4,34.80,88.40,'CRITICAL','2026-07-07 07:35:13'),(132,4,33.70,88.80,'CRITICAL','2026-07-07 07:35:14'),(133,4,30.20,89.90,'CRITICAL','2026-07-07 07:35:15'),(134,4,28.10,90.60,'CRITICAL','2026-07-07 07:35:16'),(135,4,27.90,90.70,'CRITICAL','2026-07-07 07:35:17'),(136,4,28.00,90.70,'CRITICAL','2026-07-07 07:35:18'),(137,4,27.90,90.70,'CRITICAL','2026-07-07 07:35:19'),(138,4,27.90,90.70,'CRITICAL','2026-07-07 07:35:20'),(139,4,27.90,90.70,'CRITICAL','2026-07-07 07:35:21'),(140,4,27.60,90.80,'CRITICAL','2026-07-07 07:35:22'),(141,4,27.60,90.80,'CRITICAL','2026-07-07 07:35:23'),(142,4,27.90,90.70,'CRITICAL','2026-07-07 07:35:24'),(143,4,28.10,90.60,'CRITICAL','2026-07-07 07:35:25'),(144,4,28.00,90.70,'CRITICAL','2026-07-07 07:35:26'),(145,4,27.90,90.70,'CRITICAL','2026-07-07 07:35:27'),(146,4,22.90,92.40,'CRITICAL','2026-07-07 07:35:28'),(147,4,22.90,92.40,'CRITICAL','2026-07-07 07:35:29'),(148,4,23.20,92.30,'CRITICAL','2026-07-07 07:35:30'),(149,4,23.20,92.30,'CRITICAL','2026-07-07 07:35:31'),(150,4,22.90,92.40,'CRITICAL','2026-07-07 07:35:32'),(151,4,22.90,92.40,'CRITICAL','2026-07-07 07:35:33'),(152,4,22.90,92.40,'CRITICAL','2026-07-07 07:35:34'),(153,4,23.10,92.30,'CRITICAL','2026-07-07 07:35:35'),(154,4,23.00,92.30,'CRITICAL','2026-07-07 07:35:36'),(155,4,23.00,92.30,'CRITICAL','2026-07-07 07:35:37'),(156,4,23.30,92.20,'CRITICAL','2026-07-07 07:35:38'),(157,4,23.20,92.30,'CRITICAL','2026-07-07 07:35:39'),(158,4,23.30,92.20,'CRITICAL','2026-07-07 07:35:40'),(159,4,23.30,92.20,'CRITICAL','2026-07-07 07:35:41'),(160,4,23.20,92.30,'CRITICAL','2026-07-07 07:35:42'),(161,4,23.50,92.20,'CRITICAL','2026-07-07 07:35:43'),(162,4,23.20,92.30,'CRITICAL','2026-07-07 07:35:44'),(163,4,23.70,92.10,'CRITICAL','2026-07-07 07:35:45'),(164,4,23.70,92.10,'CRITICAL','2026-07-07 07:35:46'),(165,4,23.60,92.10,'CRITICAL','2026-07-07 07:35:47'),(166,4,23.60,92.10,'CRITICAL','2026-07-07 07:35:48'),(167,4,23.70,92.10,'CRITICAL','2026-07-07 07:35:49'),(168,4,24.20,91.90,'CRITICAL','2026-07-07 07:35:50'),(169,4,24.20,91.90,'CRITICAL','2026-07-07 07:35:51'),(170,4,23.80,92.10,'CRITICAL','2026-07-07 07:35:52'),(171,4,24.10,92.00,'CRITICAL','2026-07-07 07:35:53'),(172,4,23.80,92.10,'CRITICAL','2026-07-07 07:35:54'),(173,4,24.20,91.90,'CRITICAL','2026-07-07 07:35:55'),(174,4,24.00,92.00,'CRITICAL','2026-07-07 07:35:56'),(175,4,24.20,91.90,'CRITICAL','2026-07-07 07:35:57'),(176,4,24.20,91.90,'CRITICAL','2026-07-07 07:35:58'),(177,4,21.90,92.70,'CRITICAL','2026-07-07 07:35:59'),(178,4,20.30,93.20,'CRITICAL','2026-07-07 07:36:00'),(179,4,20.20,93.30,'CRITICAL','2026-07-07 07:36:01'),(180,4,20.20,93.30,'CRITICAL','2026-07-07 07:36:02'),(181,4,20.30,93.20,'CRITICAL','2026-07-07 07:36:03'),(182,4,20.30,93.20,'CRITICAL','2026-07-07 07:36:04'),(183,4,20.20,93.30,'CRITICAL','2026-07-07 07:36:05'),(184,4,20.20,93.30,'CRITICAL','2026-07-07 07:36:06'),(185,4,20.20,93.30,'CRITICAL','2026-07-07 07:36:07'),(186,4,20.20,93.30,'CRITICAL','2026-07-07 07:36:08'),(187,4,20.30,93.20,'CRITICAL','2026-07-07 07:36:09'),(188,4,20.30,93.20,'CRITICAL','2026-07-07 07:36:10'),(189,4,20.10,93.30,'CRITICAL','2026-07-07 07:36:11'),(190,4,20.10,93.30,'CRITICAL','2026-07-07 07:36:12'),(191,4,20.30,93.20,'CRITICAL','2026-07-07 07:36:13'),(192,4,20.10,93.30,'CRITICAL','2026-07-07 07:36:14'),(193,4,20.30,93.20,'CRITICAL','2026-07-07 07:36:15'),(194,4,28.20,90.60,'CRITICAL','2026-07-07 07:36:16'),(195,4,38.60,87.10,'CRITICAL','2026-07-07 07:36:17'),(196,4,105.60,64.80,'WARNING','2026-07-07 07:36:25'),(197,4,123.20,58.90,'WARNING','2026-07-07 07:36:30'),(198,4,138.40,53.90,'WARNING','2026-07-07 07:36:35'),(199,4,142.20,52.60,'WARNING','2026-07-07 07:36:38'),(200,4,110.40,63.20,'WARNING','2026-07-07 07:36:41'),(201,4,121.70,59.40,'WARNING','2026-07-07 07:36:44'),(202,4,100.90,66.40,'WARNING','2026-07-07 07:36:47'),(203,4,99.20,66.90,'WARNING','2026-07-07 07:36:50'),(204,4,103.30,65.60,'WARNING','2026-07-07 07:36:53'),(205,4,124.80,58.40,'WARNING','2026-07-07 07:37:04'),(206,4,126.50,57.80,'WARNING','2026-07-07 07:37:09'),(207,4,127.00,57.70,'WARNING','2026-07-07 07:37:14'),(208,4,136.80,54.40,'WARNING','2026-07-07 07:37:17'),(209,4,130.80,56.40,'WARNING','2026-07-07 07:37:20'),(210,4,127.90,57.40,'WARNING','2026-07-07 07:37:23'),(211,4,134.30,55.20,'WARNING','2026-07-07 07:37:26'),(212,4,121.20,59.60,'WARNING','2026-07-07 07:37:29'),(213,4,108.10,64.00,'WARNING','2026-07-07 07:37:32'),(214,4,117.00,61.00,'WARNING','2026-07-07 07:37:35'),(215,4,105.80,64.70,'WARNING','2026-07-07 07:37:38'),(216,4,100.40,66.50,'WARNING','2026-07-07 07:37:41'),(217,4,125.10,58.30,'WARNING','2026-07-07 07:37:44'),(218,4,114.10,62.00,'WARNING','2026-07-07 07:37:47'),(219,4,89.40,70.20,'WARNING','2026-07-07 07:37:50'),(220,4,113.50,62.20,'WARNING','2026-07-07 07:37:56'),(221,4,136.90,54.40,'WARNING','2026-07-07 07:37:59'),(222,4,133.90,55.40,'WARNING','2026-07-07 07:38:02'),(223,4,130.60,56.50,'WARNING','2026-07-07 07:38:05'),(224,4,128.00,57.30,'WARNING','2026-07-07 07:38:08'),(225,4,137.70,54.10,'WARNING','2026-07-07 07:38:11'),(226,4,139.30,53.60,'WARNING','2026-07-07 07:38:14'),(227,4,140.40,53.20,'WARNING','2026-07-07 07:38:17'),(228,4,118.00,60.70,'WARNING','2026-07-07 07:38:20'),(229,4,132.30,55.90,'WARNING','2026-07-07 07:38:23'),(230,4,105.20,64.90,'WARNING','2026-07-07 07:38:26'),(231,4,112.70,62.40,'WARNING','2026-07-07 07:38:32'),(232,4,103.80,65.40,'WARNING','2026-07-07 07:38:35'),(233,4,124.40,58.50,'WARNING','2026-07-07 07:38:38'),(234,4,96.00,68.00,'WARNING','2026-07-07 07:38:41'),(235,4,112.00,62.70,'WARNING','2026-07-07 07:38:47'),(236,4,116.50,61.20,'WARNING','2026-07-07 07:38:53'),(237,4,151.80,49.40,'SAFE','2026-07-07 07:38:59'),(238,4,158.20,47.30,'SAFE','2026-07-07 07:39:05'),(239,4,150.10,50.00,'WARNING','2026-07-07 07:39:08'),(240,4,149.70,50.10,'WARNING','2026-07-07 07:39:13'),(241,4,149.80,50.10,'WARNING','2026-07-07 07:39:18'),(242,4,151.90,49.40,'SAFE','2026-07-07 07:39:23'),(243,4,150.70,49.80,'SAFE','2026-07-07 07:39:28'),(244,4,151.80,49.40,'SAFE','2026-07-07 07:39:33'),(245,4,152.60,49.10,'SAFE','2026-07-07 07:39:38'),(246,4,151.60,49.50,'SAFE','2026-07-07 07:39:43'),(247,4,134.60,55.10,'WARNING','2026-07-07 07:39:53'),(248,4,164.20,45.30,'SAFE','2026-07-07 07:39:58'),(249,4,156.40,47.90,'SAFE','2026-07-07 07:40:03'),(250,4,151.50,49.50,'SAFE','2026-07-07 07:40:08'),(251,4,151.20,49.60,'SAFE','2026-07-07 07:40:13'),(252,4,129.50,56.80,'WARNING','2026-07-07 07:40:18'),(253,4,131.20,56.30,'WARNING','2026-07-07 07:40:23'),(254,4,140.50,53.20,'WARNING','2026-07-07 07:40:28'),(255,4,129.10,57.00,'WARNING','2026-07-07 07:40:31'),(256,4,134.90,55.00,'WARNING','2026-07-07 07:40:34'),(257,4,70.50,76.50,'CRITICAL','2026-07-07 07:58:45'),(258,4,74.00,75.30,'CRITICAL','2026-07-07 07:58:50'),(259,4,74.20,75.30,'CRITICAL','2026-07-07 07:58:55'),(260,4,74.20,75.30,'CRITICAL','2026-07-07 07:58:56'),(261,4,73.20,75.60,'CRITICAL','2026-07-07 07:58:57'),(262,4,73.50,75.50,'CRITICAL','2026-07-07 07:58:58'),(263,4,73.40,75.50,'CRITICAL','2026-07-07 07:58:59'),(264,4,73.50,75.50,'CRITICAL','2026-07-07 07:59:00'),(265,4,91.10,69.60,'WARNING','2026-07-07 07:59:01'),(266,4,121.80,59.40,'WARNING','2026-07-07 07:59:02'),(267,4,148.90,50.40,'WARNING','2026-07-07 07:59:05'),(268,4,23.90,92.00,'CRITICAL','2026-07-07 09:05:00'),(269,4,24.60,91.80,'CRITICAL','2026-07-07 09:05:05'),(270,4,24.60,91.80,'CRITICAL','2026-07-07 09:05:10'),(271,4,24.60,91.80,'CRITICAL','2026-07-07 09:05:11'),(272,4,24.60,91.80,'CRITICAL','2026-07-07 09:05:12'),(273,4,24.60,91.80,'CRITICAL','2026-07-07 09:05:13'),(274,4,24.60,91.80,'CRITICAL','2026-07-07 09:05:14'),(275,4,24.60,91.80,'CRITICAL','2026-07-07 09:05:15'),(276,4,24.60,91.80,'CRITICAL','2026-07-07 09:05:16'),(277,4,24.60,91.80,'CRITICAL','2026-07-07 09:05:17'),(278,4,24.20,91.90,'CRITICAL','2026-07-07 09:05:18'),(279,4,258.60,13.80,'SAFE','2026-07-07 09:07:15'),(280,4,258.70,13.80,'SAFE','2026-07-07 09:07:20'),(281,4,257.00,14.30,'SAFE','2026-07-07 09:07:25'),(282,4,257.90,14.00,'SAFE','2026-07-07 09:07:30'),(283,4,259.00,13.70,'SAFE','2026-07-07 09:07:35'),(284,4,258.00,14.00,'SAFE','2026-07-07 09:07:40'),(285,4,258.00,14.00,'SAFE','2026-07-07 09:07:45'),(286,4,257.70,14.10,'SAFE','2026-07-07 09:07:50'),(287,4,257.80,14.10,'SAFE','2026-07-07 09:07:55'),(288,4,258.10,14.00,'SAFE','2026-07-07 09:08:01'),(289,4,257.80,14.10,'SAFE','2026-07-07 09:08:06'),(290,4,258.30,13.90,'SAFE','2026-07-07 09:08:11'),(291,4,258.70,13.80,'SAFE','2026-07-07 09:08:15'),(292,4,258.40,13.90,'SAFE','2026-07-07 09:08:20'),(293,4,258.30,13.90,'SAFE','2026-07-07 09:08:25'),(294,4,258.10,14.00,'SAFE','2026-07-07 09:08:31'),(295,4,258.50,13.80,'SAFE','2026-07-07 09:08:36'),(296,4,258.50,13.80,'SAFE','2026-07-07 09:08:40'),(297,4,258.60,13.80,'SAFE','2026-07-07 09:08:45'),(298,4,259.00,13.70,'SAFE','2026-07-07 09:08:50'),(299,4,259.00,13.70,'SAFE','2026-07-07 09:08:55'),(300,4,259.10,13.60,'SAFE','2026-07-07 09:09:03'),(301,4,259.10,13.60,'SAFE','2026-07-07 09:09:10'),(302,4,259.40,13.50,'SAFE','2026-07-07 09:09:11'),(303,4,259.50,13.50,'SAFE','2026-07-07 09:09:16'),(304,4,259.50,13.50,'SAFE','2026-07-07 09:09:21'),(305,4,259.50,13.50,'SAFE','2026-07-07 09:09:26'),(306,4,259.40,13.50,'SAFE','2026-07-07 09:09:31'),(307,4,259.60,13.50,'SAFE','2026-07-07 09:09:36'),(308,4,259.30,13.60,'SAFE','2026-07-07 09:09:41'),(309,4,259.60,13.50,'SAFE','2026-07-07 09:09:46'),(310,4,259.30,13.60,'SAFE','2026-07-07 09:09:51'),(311,4,250.30,16.60,'SAFE','2026-07-07 09:09:56'),(312,4,238.50,20.50,'SAFE','2026-07-07 09:10:01'),(313,4,240.00,20.00,'SAFE','2026-07-07 09:10:06'),(314,4,302.90,0.00,'SAFE','2026-07-07 09:14:45'),(315,4,342.40,0.00,'SAFE','2026-07-07 09:15:04'),(316,4,342.40,0.00,'SAFE','2026-07-07 09:15:09'),(317,4,343.50,0.00,'SAFE','2026-07-07 09:15:29'),(318,4,344.10,0.00,'SAFE','2026-07-07 09:15:35'),(319,4,344.90,0.00,'SAFE','2026-07-07 09:15:39'),(320,4,344.80,0.00,'SAFE','2026-07-07 09:15:44'),(321,4,344.30,0.00,'SAFE','2026-07-07 09:15:49'),(322,4,342.50,0.00,'SAFE','2026-07-07 09:16:04'),(323,4,342.40,0.00,'SAFE','2026-07-07 09:16:14'),(324,4,342.70,0.00,'SAFE','2026-07-07 09:16:20'),(325,4,344.30,0.00,'SAFE','2026-07-07 09:16:24'),(326,4,344.90,0.00,'SAFE','2026-07-07 09:16:44'),(327,4,340.70,0.00,'SAFE','2026-07-07 09:17:04'),(328,4,342.20,0.00,'SAFE','2026-07-07 09:17:09'),(329,4,343.60,0.00,'SAFE','2026-07-07 09:17:14'),(330,4,345.60,0.00,'SAFE','2026-07-07 09:17:29'),(331,4,345.50,0.00,'SAFE','2026-07-07 09:17:34'),(332,4,344.50,0.00,'SAFE','2026-07-07 09:17:39'),(333,4,113.40,62.20,'WARNING','2026-07-07 09:19:41'),(334,4,113.40,62.20,'WARNING','2026-07-07 09:19:46'),(335,4,113.80,62.10,'WARNING','2026-07-07 09:19:51'),(336,4,113.80,62.10,'WARNING','2026-07-07 09:19:54'),(337,4,112.50,62.50,'WARNING','2026-07-07 09:20:09'),(338,4,112.10,62.60,'WARNING','2026-07-07 09:20:24'),(339,4,111.20,62.90,'WARNING','2026-07-07 09:20:45'),(340,4,136.80,54.40,'WARNING','2026-07-07 09:29:00'),(341,4,99.00,67.00,'WARNING','2026-07-07 09:29:03'),(342,4,98.50,67.20,'WARNING','2026-07-07 09:29:06'),(343,4,109.80,63.40,'WARNING','2026-07-07 09:29:09'),(344,4,98.50,67.20,'WARNING','2026-07-07 09:29:12'),(345,4,99.00,67.00,'WARNING','2026-07-07 09:29:15'),(346,4,96.80,67.70,'WARNING','2026-07-07 09:29:18'),(347,4,99.00,67.00,'WARNING','2026-07-07 09:29:21'),(348,4,96.80,67.70,'WARNING','2026-07-07 09:29:27'),(349,4,99.40,66.90,'WARNING','2026-07-07 09:29:30'),(350,4,99.80,66.70,'WARNING','2026-07-07 09:29:33'),(351,4,96.70,67.80,'WARNING','2026-07-07 09:29:36'),(352,4,98.10,67.30,'WARNING','2026-07-07 09:29:45'),(353,4,95.50,68.20,'WARNING','2026-07-07 09:29:48'),(354,4,96.80,67.70,'WARNING','2026-07-07 09:29:51'),(355,4,111.70,62.80,'WARNING','2026-07-07 09:29:54'),(356,4,96.30,67.90,'WARNING','2026-07-07 09:29:57'),(357,4,110.60,63.10,'WARNING','2026-07-07 09:30:00'),(358,4,111.80,62.70,'WARNING','2026-07-07 09:30:03'),(359,4,97.60,67.50,'WARNING','2026-07-07 09:30:06'),(360,4,111.00,63.00,'WARNING','2026-07-07 09:30:09'),(361,4,112.20,62.60,'WARNING','2026-07-07 09:30:12'),(362,4,99.80,66.70,'WARNING','2026-07-07 09:30:15'),(363,4,100.20,66.60,'WARNING','2026-07-07 09:30:18'),(364,4,99.30,66.90,'WARNING','2026-07-07 09:30:24'),(365,4,98.50,67.20,'WARNING','2026-07-07 09:30:27'),(366,4,97.20,67.60,'WARNING','2026-07-07 09:30:30'),(367,4,99.30,66.90,'WARNING','2026-07-07 09:30:33'),(368,4,97.20,67.60,'WARNING','2026-07-07 09:30:36'),(369,4,98.90,67.00,'WARNING','2026-07-07 09:30:39'),(370,4,111.80,62.70,'WARNING','2026-07-07 09:30:45'),(371,4,111.80,62.70,'WARNING','2026-07-07 09:30:48'),(372,4,99.80,66.70,'WARNING','2026-07-07 09:30:51'),(373,4,98.50,67.20,'WARNING','2026-07-07 09:30:54'),(374,4,99.30,66.90,'WARNING','2026-07-07 09:30:57'),(375,4,98.50,67.20,'WARNING','2026-07-07 09:31:00'),(376,4,98.90,67.00,'WARNING','2026-07-07 09:31:03'),(377,4,110.50,63.20,'WARNING','2026-07-07 09:31:12'),(378,4,97.60,67.50,'WARNING','2026-07-07 09:31:15'),(379,4,110.90,63.00,'WARNING','2026-07-07 09:31:18'),(380,4,99.00,67.00,'WARNING','2026-07-07 09:31:24'),(381,4,111.00,63.00,'WARNING','2026-07-07 09:31:27'),(382,4,111.70,62.80,'WARNING','2026-07-07 09:31:30'),(383,4,96.20,67.90,'WARNING','2026-07-07 09:31:33'),(384,4,111.70,62.80,'WARNING','2026-07-07 09:31:36'),(385,4,97.10,67.60,'WARNING','2026-07-07 09:31:39'),(386,4,98.40,67.20,'WARNING','2026-07-07 09:31:42'),(387,4,95.90,68.00,'WARNING','2026-07-07 09:31:45'),(388,4,96.70,67.80,'WARNING','2026-07-07 09:31:48'),(389,4,98.40,67.20,'WARNING','2026-07-07 09:31:51'),(390,4,111.70,62.80,'WARNING','2026-07-07 09:31:54'),(391,4,97.10,67.60,'WARNING','2026-07-07 09:31:57'),(392,4,98.90,67.00,'WARNING','2026-07-07 09:32:00'),(393,4,98.40,67.20,'WARNING','2026-07-07 09:32:03'),(394,4,95.90,68.00,'WARNING','2026-07-07 09:32:06'),(395,4,96.70,67.80,'WARNING','2026-07-07 09:32:09'),(396,4,98.90,67.00,'WARNING','2026-07-07 09:32:12'),(397,4,110.90,63.00,'WARNING','2026-07-07 09:32:15'),(398,4,97.50,67.50,'WARNING','2026-07-07 09:32:18'),(399,4,99.80,66.70,'WARNING','2026-07-07 09:32:21'),(400,4,97.60,67.50,'WARNING','2026-07-07 09:32:24'),(401,4,99.30,66.90,'WARNING','2026-07-07 09:32:27'),(402,4,110.90,63.00,'WARNING','2026-07-07 09:32:30'),(403,4,111.00,63.00,'WARNING','2026-07-07 09:32:33'),(404,4,99.80,66.70,'WARNING','2026-07-07 09:32:36'),(405,4,99.80,66.70,'WARNING','2026-07-07 09:32:42'),(406,4,99.80,66.70,'WARNING','2026-07-07 09:32:45'),(407,4,112.60,62.50,'WARNING','2026-07-07 09:32:48'),(408,4,110.50,63.20,'WARNING','2026-07-07 09:32:51'),(409,4,96.70,67.80,'WARNING','2026-07-07 09:32:54'),(410,4,112.20,62.60,'WARNING','2026-07-07 09:32:58'),(411,4,111.80,62.70,'WARNING','2026-07-07 09:33:00'),(412,4,112.20,62.60,'WARNING','2026-07-07 09:33:03'),(413,4,111.80,62.70,'WARNING','2026-07-07 09:33:06'),(414,4,112.60,62.50,'WARNING','2026-07-07 09:33:09'),(415,4,97.20,67.60,'WARNING','2026-07-07 09:33:12'),(416,4,110.90,63.00,'WARNING','2026-07-07 09:33:15'),(417,4,99.80,66.70,'WARNING','2026-07-07 09:33:18'),(418,4,111.80,62.70,'WARNING','2026-07-07 09:33:21'),(419,4,99.80,66.70,'WARNING','2026-07-07 09:33:24'),(420,4,96.70,67.80,'WARNING','2026-07-07 09:33:27'),(421,4,112.20,62.60,'WARNING','2026-07-07 09:33:30'),(422,4,112.20,62.60,'WARNING','2026-07-07 09:33:33'),(423,4,112.60,62.50,'WARNING','2026-07-07 09:33:36'),(424,4,99.30,66.90,'WARNING','2026-07-07 09:33:39'),(425,4,112.60,62.50,'WARNING','2026-07-07 09:33:42'),(426,4,99.80,66.70,'WARNING','2026-07-07 09:33:45'),(427,4,112.20,62.60,'WARNING','2026-07-07 09:33:48'),(428,4,91.80,69.40,'WARNING','2026-07-07 09:33:51'),(429,4,72.70,75.80,'CRITICAL','2026-07-07 09:34:30'),(430,4,49.90,83.40,'CRITICAL','2026-07-07 09:34:36'),(431,4,48.60,83.80,'CRITICAL','2026-07-07 09:34:39'),(432,4,50.60,83.10,'CRITICAL','2026-07-07 09:34:40'),(433,4,51.70,82.80,'CRITICAL','2026-07-07 09:34:41'),(434,4,50.30,83.20,'CRITICAL','2026-07-07 09:34:42'),(435,4,49.90,83.40,'CRITICAL','2026-07-07 09:34:43'),(436,4,52.10,82.60,'CRITICAL','2026-07-07 09:34:44'),(437,4,51.50,82.80,'CRITICAL','2026-07-07 09:34:45'),(438,4,49.90,83.40,'CRITICAL','2026-07-07 09:34:46'),(439,4,50.50,83.20,'CRITICAL','2026-07-07 09:34:47'),(440,4,50.50,83.20,'CRITICAL','2026-07-07 09:34:48'),(441,4,50.40,83.20,'CRITICAL','2026-07-07 09:34:49'),(442,4,50.10,83.30,'CRITICAL','2026-07-07 09:34:50'),(443,4,49.50,83.50,'CRITICAL','2026-07-07 09:34:51'),(444,4,50.00,83.30,'CRITICAL','2026-07-07 09:34:52'),(445,4,45.20,84.90,'CRITICAL','2026-07-07 09:34:53'),(446,4,46.00,84.70,'CRITICAL','2026-07-07 09:34:54'),(447,4,45.30,84.90,'CRITICAL','2026-07-07 09:34:55'),(448,4,42.40,85.90,'CRITICAL','2026-07-07 09:34:56'),(449,4,41.80,86.10,'CRITICAL','2026-07-07 09:34:57'),(450,4,43.20,85.60,'CRITICAL','2026-07-07 09:34:58'),(451,4,43.80,85.40,'CRITICAL','2026-07-07 09:34:59'),(452,4,43.50,85.50,'CRITICAL','2026-07-07 09:35:00'),(453,4,51.80,82.70,'CRITICAL','2026-07-07 09:35:01'),(454,4,50.60,83.10,'CRITICAL','2026-07-07 09:35:02'),(455,4,42.70,85.80,'CRITICAL','2026-07-07 09:35:03'),(456,4,42.40,85.90,'CRITICAL','2026-07-07 09:35:04'),(457,4,48.90,83.70,'CRITICAL','2026-07-07 09:35:05'),(458,4,48.90,83.70,'CRITICAL','2026-07-07 09:35:06'),(459,4,49.40,83.50,'CRITICAL','2026-07-07 09:35:07'),(460,4,48.80,83.70,'CRITICAL','2026-07-07 09:35:08'),(461,4,49.00,83.70,'CRITICAL','2026-07-07 09:35:09'),(462,4,49.10,83.60,'CRITICAL','2026-07-07 09:35:10'),(463,4,49.10,83.60,'CRITICAL','2026-07-07 09:35:11'),(464,4,48.20,83.90,'CRITICAL','2026-07-07 09:35:12'),(465,4,48.80,83.70,'CRITICAL','2026-07-07 09:35:13'),(466,4,48.40,83.90,'CRITICAL','2026-07-07 09:35:14'),(467,4,48.90,83.70,'CRITICAL','2026-07-07 09:35:15'),(468,4,47.50,84.20,'CRITICAL','2026-07-07 09:35:16'),(469,4,35.00,88.30,'CRITICAL','2026-07-07 09:35:17'),(470,4,35.20,88.30,'CRITICAL','2026-07-07 09:35:18'),(471,4,34.90,88.40,'CRITICAL','2026-07-07 09:35:19'),(472,4,35.00,88.30,'CRITICAL','2026-07-07 09:35:20'),(473,4,34.30,88.60,'CRITICAL','2026-07-07 09:35:21'),(474,4,45.10,85.00,'CRITICAL','2026-07-07 09:35:22'),(475,4,27.70,90.80,'CRITICAL','2026-07-07 09:35:23'),(476,4,28.60,90.50,'CRITICAL','2026-07-07 09:35:24'),(477,4,24.90,91.70,'CRITICAL','2026-07-07 09:35:25'),(478,4,44.60,85.10,'CRITICAL','2026-07-07 09:35:26'),(479,4,25.00,91.70,'CRITICAL','2026-07-07 09:35:27'),(480,4,26.00,91.30,'CRITICAL','2026-07-07 09:35:28'),(481,4,26.20,91.30,'CRITICAL','2026-07-07 09:35:29'),(482,4,25.50,91.50,'CRITICAL','2026-07-07 09:35:30'),(483,4,26.00,91.30,'CRITICAL','2026-07-07 09:35:31'),(484,4,26.50,91.20,'CRITICAL','2026-07-07 09:35:32'),(485,4,26.70,91.10,'CRITICAL','2026-07-07 09:35:33'),(486,4,25.20,91.60,'CRITICAL','2026-07-07 09:35:34'),(487,4,26.30,91.20,'CRITICAL','2026-07-07 09:35:35'),(488,4,28.70,90.40,'CRITICAL','2026-07-07 09:35:36'),(489,4,42.00,86.00,'CRITICAL','2026-07-07 09:35:37'),(490,4,38.00,87.30,'CRITICAL','2026-07-07 09:35:38'),(491,4,39.00,87.00,'CRITICAL','2026-07-07 09:35:39'),(492,4,46.40,84.50,'CRITICAL','2026-07-07 09:35:40'),(493,4,47.30,84.20,'CRITICAL','2026-07-07 09:35:41'),(494,4,41.70,86.10,'CRITICAL','2026-07-07 09:35:42'),(495,4,41.30,86.20,'CRITICAL','2026-07-07 09:35:43'),(496,4,41.40,86.20,'CRITICAL','2026-07-07 09:35:44'),(497,4,46.80,84.40,'CRITICAL','2026-07-07 09:35:45'),(498,4,47.70,84.10,'CRITICAL','2026-07-07 09:35:46'),(499,4,40.30,86.60,'CRITICAL','2026-07-07 09:35:47'),(500,4,40.30,86.60,'CRITICAL','2026-07-07 09:35:48'),(501,4,40.10,86.60,'CRITICAL','2026-07-07 09:35:49'),(502,4,39.60,86.80,'CRITICAL','2026-07-07 09:35:50'),(503,4,41.80,86.10,'CRITICAL','2026-07-07 09:35:51'),(504,4,40.50,86.50,'CRITICAL','2026-07-07 09:35:52'),(505,4,48.70,83.80,'CRITICAL','2026-07-07 09:35:53'),(506,4,40.50,86.50,'CRITICAL','2026-07-07 09:35:54'),(507,4,40.30,86.60,'CRITICAL','2026-07-07 09:35:55'),(508,4,39.80,86.70,'CRITICAL','2026-07-07 09:35:56'),(509,4,39.90,86.70,'CRITICAL','2026-07-07 09:35:57'),(510,4,39.80,86.70,'CRITICAL','2026-07-07 09:35:58'),(511,4,39.70,86.80,'CRITICAL','2026-07-07 09:35:59'),(512,4,40.00,86.70,'CRITICAL','2026-07-07 09:36:00'),(513,4,40.40,86.50,'CRITICAL','2026-07-07 09:36:01'),(514,4,40.00,86.70,'CRITICAL','2026-07-07 09:36:02'),(515,4,39.60,86.80,'CRITICAL','2026-07-07 09:36:03'),(516,4,40.10,86.60,'CRITICAL','2026-07-07 09:36:04'),(517,4,40.00,86.70,'CRITICAL','2026-07-07 09:36:05'),(518,4,40.10,86.60,'CRITICAL','2026-07-07 09:36:06'),(519,4,40.10,86.60,'CRITICAL','2026-07-07 09:36:07'),(520,4,40.00,86.70,'CRITICAL','2026-07-07 09:36:08'),(521,4,39.80,86.70,'CRITICAL','2026-07-07 09:36:09'),(522,4,39.80,86.70,'CRITICAL','2026-07-07 09:36:10'),(523,4,40.20,86.60,'CRITICAL','2026-07-07 09:36:11'),(524,4,40.30,86.60,'CRITICAL','2026-07-07 09:36:12'),(525,4,40.20,86.60,'CRITICAL','2026-07-07 09:36:13'),(526,4,39.70,86.80,'CRITICAL','2026-07-07 09:36:14'),(527,4,39.80,86.70,'CRITICAL','2026-07-07 09:36:15'),(528,4,40.00,86.70,'CRITICAL','2026-07-07 09:36:16'),(529,4,46.90,84.40,'CRITICAL','2026-07-07 09:36:17'),(530,4,46.60,84.50,'CRITICAL','2026-07-07 09:36:18'),(531,4,45.90,84.70,'CRITICAL','2026-07-07 09:36:19'),(532,4,47.60,84.10,'CRITICAL','2026-07-07 09:36:20'),(533,4,46.60,84.50,'CRITICAL','2026-07-07 09:36:21'),(534,4,46.30,84.60,'CRITICAL','2026-07-07 09:36:22'),(535,4,46.80,84.40,'CRITICAL','2026-07-07 09:36:23'),(536,4,39.90,86.70,'CRITICAL','2026-07-07 09:36:24'),(537,4,40.50,86.50,'CRITICAL','2026-07-07 09:36:25'),(538,4,50.60,83.10,'CRITICAL','2026-07-07 09:36:26'),(539,4,40.10,86.60,'CRITICAL','2026-07-07 09:36:27'),(540,4,40.00,86.70,'CRITICAL','2026-07-07 09:36:28'),(541,4,47.80,84.10,'CRITICAL','2026-07-07 09:36:29'),(542,4,48.70,83.80,'CRITICAL','2026-07-07 09:36:30'),(543,4,41.80,86.10,'CRITICAL','2026-07-07 09:36:31'),(544,4,40.50,86.50,'CRITICAL','2026-07-07 09:36:32'),(545,4,41.80,86.10,'CRITICAL','2026-07-07 09:36:33'),(546,4,42.10,86.00,'CRITICAL','2026-07-07 09:36:34'),(547,4,38.40,87.20,'CRITICAL','2026-07-07 09:36:35'),(548,4,39.30,86.90,'CRITICAL','2026-07-07 09:36:36'),(549,4,39.30,86.90,'CRITICAL','2026-07-07 09:36:37'),(550,4,40.60,86.50,'CRITICAL','2026-07-07 09:36:38'),(551,4,37.80,87.40,'CRITICAL','2026-07-07 09:36:39'),(552,4,37.50,87.50,'CRITICAL','2026-07-07 09:36:40'),(553,4,38.20,87.30,'CRITICAL','2026-07-07 09:36:42'),(554,4,39.30,86.90,'CRITICAL','2026-07-07 09:36:43'),(555,4,39.70,86.80,'CRITICAL','2026-07-07 09:36:44'),(556,4,39.60,86.80,'CRITICAL','2026-07-07 09:36:46'),(557,4,39.10,87.00,'CRITICAL','2026-07-07 09:36:46'),(558,4,39.80,86.70,'CRITICAL','2026-07-07 09:36:48'),(559,4,50.80,83.10,'CRITICAL','2026-07-07 09:36:49'),(560,4,49.10,83.60,'CRITICAL','2026-07-07 09:36:50'),(561,4,51.10,83.00,'CRITICAL','2026-07-07 09:36:51'),(562,4,49.80,83.40,'CRITICAL','2026-07-07 09:36:52'),(563,4,50.40,83.20,'CRITICAL','2026-07-07 09:36:53'),(564,4,38.80,87.10,'CRITICAL','2026-07-07 09:36:54'),(565,4,39.10,87.00,'CRITICAL','2026-07-07 09:36:55'),(566,4,38.80,87.10,'CRITICAL','2026-07-07 09:36:56'),(567,4,39.00,87.00,'CRITICAL','2026-07-07 09:36:57'),(568,4,39.30,86.90,'CRITICAL','2026-07-07 09:36:59'),(569,4,39.20,86.90,'CRITICAL','2026-07-07 09:36:59'),(570,4,39.10,87.00,'CRITICAL','2026-07-07 09:37:00'),(571,4,39.00,87.00,'CRITICAL','2026-07-07 09:37:01'),(572,4,39.10,87.00,'CRITICAL','2026-07-07 09:37:02'),(573,4,38.90,87.00,'CRITICAL','2026-07-07 09:37:04'),(574,4,38.90,87.00,'CRITICAL','2026-07-07 09:37:04'),(575,4,39.40,86.90,'CRITICAL','2026-07-07 09:37:05'),(576,4,40.30,86.60,'CRITICAL','2026-07-07 09:37:06'),(577,4,39.30,86.90,'CRITICAL','2026-07-07 09:37:07'),(578,4,40.00,86.70,'CRITICAL','2026-07-07 09:37:08'),(579,4,40.50,86.50,'CRITICAL','2026-07-07 09:37:09'),(580,4,39.00,87.00,'CRITICAL','2026-07-07 09:37:10'),(581,4,50.50,83.20,'CRITICAL','2026-07-07 09:37:11'),(582,4,47.20,84.30,'CRITICAL','2026-07-07 09:37:12'),(583,4,47.40,84.20,'CRITICAL','2026-07-07 09:37:13'),(584,4,47.70,84.10,'CRITICAL','2026-07-07 09:37:14'),(585,4,47.90,84.00,'CRITICAL','2026-07-07 09:37:15'),(586,4,47.50,84.20,'CRITICAL','2026-07-07 09:37:16'),(587,4,47.40,84.20,'CRITICAL','2026-07-07 09:37:17'),(588,4,46.70,84.40,'CRITICAL','2026-07-07 09:37:18'),(589,4,46.50,84.50,'CRITICAL','2026-07-07 09:37:19'),(590,4,46.60,84.50,'CRITICAL','2026-07-07 09:37:20'),(591,4,46.50,84.50,'CRITICAL','2026-07-07 09:37:21'),(592,4,46.00,84.70,'CRITICAL','2026-07-07 09:37:22'),(593,4,37.40,87.50,'CRITICAL','2026-07-07 09:37:23'),(594,4,45.90,84.70,'CRITICAL','2026-07-07 09:37:24'),(595,4,46.40,84.50,'CRITICAL','2026-07-07 09:37:25'),(596,4,37.00,87.70,'CRITICAL','2026-07-07 09:37:26'),(597,4,36.80,87.70,'CRITICAL','2026-07-07 09:37:27'),(598,4,37.80,87.40,'CRITICAL','2026-07-07 09:37:28'),(599,4,37.50,87.50,'CRITICAL','2026-07-07 09:37:29'),(600,4,37.90,87.40,'CRITICAL','2026-07-07 09:37:30'),(601,4,38.00,87.30,'CRITICAL','2026-07-07 09:37:31'),(602,4,38.30,87.20,'CRITICAL','2026-07-07 09:37:33'),(603,4,38.20,87.30,'CRITICAL','2026-07-07 09:37:33'),(604,4,37.90,87.40,'CRITICAL','2026-07-07 09:37:35'),(605,4,46.80,84.40,'CRITICAL','2026-07-07 09:37:35'),(606,4,47.00,84.30,'CRITICAL','2026-07-07 09:37:36'),(607,4,47.20,84.30,'CRITICAL','2026-07-07 09:37:37'),(608,4,47.80,84.10,'CRITICAL','2026-07-07 09:37:39'),(609,4,59.40,80.20,'CRITICAL','2026-07-07 09:37:40'),(610,4,54.70,81.80,'CRITICAL','2026-07-07 09:37:41'),(611,4,54.20,81.90,'CRITICAL','2026-07-07 09:37:42'),(612,4,54.20,81.90,'CRITICAL','2026-07-07 09:37:43'),(613,4,61.40,79.50,'CRITICAL','2026-07-07 09:37:44'),(614,4,55.10,81.60,'CRITICAL','2026-07-07 09:37:45'),(615,4,50.60,83.10,'CRITICAL','2026-07-07 09:37:46'),(616,4,59.20,80.30,'CRITICAL','2026-07-07 09:37:48'),(617,4,49.90,83.40,'CRITICAL','2026-07-07 09:37:49'),(618,4,46.10,84.60,'CRITICAL','2026-07-07 09:37:50'),(619,4,45.30,84.90,'CRITICAL','2026-07-07 09:37:51'),(620,4,45.70,84.80,'CRITICAL','2026-07-07 09:37:52'),(621,4,48.50,83.80,'CRITICAL','2026-07-07 09:37:53'),(622,4,49.10,83.60,'CRITICAL','2026-07-07 09:37:54'),(623,4,45.60,84.80,'CRITICAL','2026-07-07 09:37:55'),(624,4,49.50,83.50,'CRITICAL','2026-07-07 09:37:57'),(625,4,34.70,88.40,'CRITICAL','2026-07-07 09:37:57'),(626,4,28.40,90.50,'CRITICAL','2026-07-07 09:37:58'),(627,4,29.90,90.00,'CRITICAL','2026-07-07 09:38:00'),(628,4,29.10,90.30,'CRITICAL','2026-07-07 09:38:01'),(629,4,29.10,90.30,'CRITICAL','2026-07-07 09:38:02'),(630,4,29.60,90.10,'CRITICAL','2026-07-07 09:38:03'),(631,4,29.70,90.10,'CRITICAL','2026-07-07 09:38:04'),(632,4,31.50,89.50,'CRITICAL','2026-07-07 09:38:05'),(633,4,31.00,89.70,'CRITICAL','2026-07-07 09:38:06'),(634,4,35.90,88.00,'CRITICAL','2026-07-07 09:38:07'),(635,4,31.90,89.40,'CRITICAL','2026-07-07 09:38:08'),(636,4,53.30,82.20,'CRITICAL','2026-07-07 09:38:09'),(637,4,63.50,78.80,'CRITICAL','2026-07-07 09:38:10'),(638,4,62.80,79.10,'CRITICAL','2026-07-07 09:38:11'),(639,4,62.60,79.10,'CRITICAL','2026-07-07 09:38:12'),(640,4,62.40,79.20,'CRITICAL','2026-07-07 09:38:13'),(641,4,62.50,79.20,'CRITICAL','2026-07-07 09:38:14'),(642,4,62.20,79.30,'CRITICAL','2026-07-07 09:38:15'),(643,4,62.10,79.30,'CRITICAL','2026-07-07 09:38:16'),(644,4,62.20,79.30,'CRITICAL','2026-07-07 09:38:17'),(645,4,62.40,79.20,'CRITICAL','2026-07-07 09:38:18'),(646,4,64.10,78.60,'CRITICAL','2026-07-07 09:38:19'),(647,4,64.20,78.60,'CRITICAL','2026-07-07 09:38:20'),(648,4,60.80,79.70,'CRITICAL','2026-07-07 09:38:21'),(649,4,72.10,76.00,'CRITICAL','2026-07-07 09:38:22'),(650,4,73.00,75.70,'CRITICAL','2026-07-07 09:38:23'),(651,4,71.90,76.00,'CRITICAL','2026-07-07 09:38:24'),(652,4,83.20,72.30,'WARNING','2026-07-07 09:38:25'),(653,4,89.60,70.10,'WARNING','2026-07-07 09:38:26'),(654,4,78.60,73.80,'WARNING','2026-07-07 09:38:27'),(655,4,87.10,71.00,'WARNING','2026-07-07 09:38:30'),(656,4,68.70,77.10,'CRITICAL','2026-07-07 09:38:33'),(657,4,78.30,73.90,'WARNING','2026-07-07 09:38:36'),(658,4,95.30,68.20,'WARNING','2026-07-07 09:38:39'),(659,4,94.90,68.40,'WARNING','2026-07-07 09:38:42'),(660,4,95.40,68.20,'WARNING','2026-07-07 09:38:45'),(711,5,183.00,61.00,'SAFE','2026-07-02 16:00:00'),(712,5,199.00,66.33,'SAFE','2026-07-02 17:00:00'),(713,5,189.00,63.00,'SAFE','2026-07-02 18:00:00'),(714,5,201.00,67.00,'SAFE','2026-07-02 19:00:00'),(715,5,183.00,61.00,'SAFE','2026-07-02 20:00:00'),(716,5,163.00,54.33,'SAFE','2026-07-02 21:00:00'),(717,5,157.00,52.33,'SAFE','2026-07-02 22:00:00'),(718,5,174.00,58.00,'SAFE','2026-07-02 23:00:00'),(719,5,170.00,56.67,'SAFE','2026-07-03 00:00:00'),(720,5,157.00,52.33,'SAFE','2026-07-03 01:00:00'),(721,5,141.00,47.00,'SAFE','2026-07-03 02:00:00'),(722,5,148.00,49.33,'SAFE','2026-07-03 03:00:00'),(723,5,164.00,54.67,'SAFE','2026-07-03 04:00:00'),(724,5,162.00,54.00,'SAFE','2026-07-03 05:00:00'),(725,5,148.00,49.33,'SAFE','2026-07-03 06:00:00'),(726,5,129.00,43.00,'SAFE','2026-07-03 07:00:00'),(727,5,126.00,42.00,'SAFE','2026-07-03 08:00:00'),(728,5,146.00,48.67,'SAFE','2026-07-03 09:00:00'),(729,5,126.00,42.00,'SAFE','2026-07-03 10:00:00'),(730,5,135.00,45.00,'SAFE','2026-07-03 11:00:00'),(731,5,142.00,47.33,'SAFE','2026-07-03 12:00:00'),(732,5,146.00,48.67,'SAFE','2026-07-03 13:00:00'),(733,5,132.00,44.00,'SAFE','2026-07-03 14:00:00'),(734,5,137.00,45.67,'SAFE','2026-07-03 15:00:00'),(735,5,141.00,47.00,'SAFE','2026-07-03 16:00:00'),(736,5,159.00,53.00,'SAFE','2026-07-03 17:00:00'),(737,5,140.00,46.67,'SAFE','2026-07-03 18:00:00'),(738,5,131.00,43.67,'SAFE','2026-07-03 19:00:00'),(739,5,129.00,43.00,'SAFE','2026-07-03 20:00:00'),(740,5,139.00,46.33,'SAFE','2026-07-03 21:00:00'),(741,5,156.00,52.00,'SAFE','2026-07-03 22:00:00'),(742,5,162.00,54.00,'SAFE','2026-07-03 23:00:00'),(743,5,181.00,60.33,'SAFE','2026-07-04 00:00:00'),(744,5,196.00,65.33,'SAFE','2026-07-04 01:00:00'),(745,5,185.00,61.67,'SAFE','2026-07-04 02:00:00'),(746,5,195.00,65.00,'SAFE','2026-07-04 03:00:00'),(747,5,182.00,60.67,'SAFE','2026-07-04 04:00:00'),(748,5,176.00,58.67,'SAFE','2026-07-04 05:00:00'),(749,5,188.00,62.67,'SAFE','2026-07-04 06:00:00'),(750,5,207.00,69.00,'SAFE','2026-07-04 07:00:00'),(751,5,208.00,69.33,'SAFE','2026-07-04 08:00:00'),(752,5,207.00,69.00,'SAFE','2026-07-04 09:00:00'),(753,5,220.00,73.33,'WARNING','2026-07-04 10:00:00'),(754,5,200.00,66.67,'SAFE','2026-07-04 11:00:00'),(755,5,207.00,69.00,'SAFE','2026-07-04 12:00:00'),(756,5,201.00,67.00,'SAFE','2026-07-04 13:00:00'),(757,5,183.00,61.00,'SAFE','2026-07-04 14:00:00'),(758,5,202.00,67.33,'SAFE','2026-07-04 15:00:00'),(759,5,187.00,62.33,'SAFE','2026-07-04 16:00:00'),(760,5,203.00,67.67,'SAFE','2026-07-04 17:00:00'),(761,5,211.00,70.33,'WARNING','2026-07-04 18:00:00'),(762,5,219.00,73.00,'WARNING','2026-07-04 19:00:00'),(763,5,219.00,73.00,'WARNING','2026-07-04 20:00:00'),(764,5,200.00,66.67,'SAFE','2026-07-04 21:00:00'),(765,5,212.00,70.67,'WARNING','2026-07-04 22:00:00'),(766,5,214.00,71.33,'WARNING','2026-07-04 23:00:00'),(767,5,202.00,67.33,'SAFE','2026-07-05 00:00:00'),(768,5,204.00,68.00,'SAFE','2026-07-05 01:00:00'),(769,5,213.00,71.00,'WARNING','2026-07-05 02:00:00'),(770,5,195.00,65.00,'SAFE','2026-07-05 03:00:00'),(771,5,181.00,60.33,'SAFE','2026-07-05 04:00:00'),(772,5,180.00,60.00,'SAFE','2026-07-05 05:00:00'),(773,5,183.00,61.00,'SAFE','2026-07-05 06:00:00'),(774,5,196.00,65.33,'SAFE','2026-07-05 07:00:00'),(775,5,185.00,61.67,'SAFE','2026-07-05 08:00:00'),(776,5,166.00,55.33,'SAFE','2026-07-05 09:00:00'),(777,5,166.00,55.33,'SAFE','2026-07-05 10:00:00'),(778,5,169.00,56.33,'SAFE','2026-07-05 11:00:00'),(779,5,153.00,51.00,'SAFE','2026-07-05 12:00:00'),(780,5,147.00,49.00,'SAFE','2026-07-05 13:00:00'),(781,5,129.00,43.00,'SAFE','2026-07-05 14:00:00'),(782,5,121.00,40.33,'SAFE','2026-07-05 15:00:00'),(783,5,137.00,45.67,'SAFE','2026-07-05 16:00:00'),(784,5,132.00,44.00,'SAFE','2026-07-05 17:00:00'),(785,5,129.00,43.00,'SAFE','2026-07-05 18:00:00'),(786,5,113.00,37.67,'SAFE','2026-07-05 19:00:00'),(787,5,110.00,36.67,'SAFE','2026-07-05 20:00:00'),(788,5,104.00,34.67,'SAFE','2026-07-05 21:00:00'),(789,5,118.00,39.33,'SAFE','2026-07-05 22:00:00'),(790,5,107.00,35.67,'SAFE','2026-07-05 23:00:00'),(791,5,87.00,29.00,'SAFE','2026-07-06 00:00:00'),(792,5,91.00,30.33,'SAFE','2026-07-06 01:00:00'),(793,5,95.00,31.67,'SAFE','2026-07-06 02:00:00'),(794,5,76.00,25.33,'SAFE','2026-07-06 03:00:00'),(795,5,62.00,20.67,'SAFE','2026-07-06 04:00:00'),(796,5,45.00,15.00,'SAFE','2026-07-06 05:00:00'),(797,5,36.00,12.00,'SAFE','2026-07-06 06:00:00'),(798,5,41.00,13.67,'SAFE','2026-07-06 07:00:00'),(799,5,54.00,18.00,'SAFE','2026-07-06 08:00:00'),(800,5,35.00,11.67,'SAFE','2026-07-06 09:00:00'),(801,5,48.00,16.00,'SAFE','2026-07-06 10:00:00'),(802,5,30.00,10.00,'SAFE','2026-07-06 11:00:00'),(803,5,39.00,13.00,'SAFE','2026-07-06 12:00:00'),(804,5,47.00,15.67,'SAFE','2026-07-06 13:00:00'),(805,5,51.00,17.00,'SAFE','2026-07-06 14:00:00'),(806,5,70.00,23.33,'SAFE','2026-07-06 15:00:00'),(807,5,56.00,18.67,'SAFE','2026-07-06 16:00:00'),(808,5,73.00,24.33,'SAFE','2026-07-06 17:00:00'),(809,5,63.00,21.00,'SAFE','2026-07-06 18:00:00'),(810,5,77.00,25.67,'SAFE','2026-07-06 19:00:00'),(811,5,97.00,32.33,'SAFE','2026-07-06 20:00:00'),(812,5,80.00,26.67,'SAFE','2026-07-06 21:00:00'),(813,5,92.00,30.67,'SAFE','2026-07-06 22:00:00'),(814,5,100.00,33.33,'SAFE','2026-07-06 23:00:00'),(815,5,97.00,32.33,'SAFE','2026-07-07 00:00:00'),(816,5,105.00,35.00,'SAFE','2026-07-07 01:00:00'),(817,5,107.00,35.67,'SAFE','2026-07-07 02:00:00'),(818,5,99.00,33.00,'SAFE','2026-07-07 03:00:00'),(819,5,107.00,35.67,'SAFE','2026-07-07 04:00:00'),(820,5,117.00,39.00,'SAFE','2026-07-07 05:00:00'),(821,5,120.00,40.00,'SAFE','2026-07-07 06:00:00'),(822,5,115.00,38.33,'SAFE','2026-07-07 07:00:00'),(823,5,105.00,35.00,'SAFE','2026-07-07 08:00:00'),(824,5,118.00,39.33,'SAFE','2026-07-07 09:00:00'),(825,5,138.00,46.00,'SAFE','2026-07-07 10:00:00'),(826,5,131.00,43.67,'SAFE','2026-07-07 11:00:00'),(827,5,138.00,46.00,'SAFE','2026-07-07 12:00:00'),(828,5,140.00,46.67,'SAFE','2026-07-07 13:00:00'),(829,5,145.00,48.33,'SAFE','2026-07-07 14:00:00'),(830,5,148.00,49.33,'SAFE','2026-07-07 15:00:00'),(831,5,133.00,44.33,'SAFE','2026-07-07 16:00:00'),(832,5,132.00,44.00,'SAFE','2026-07-07 17:00:00'),(833,5,139.00,46.33,'SAFE','2026-07-07 18:00:00'),(834,5,145.00,48.33,'SAFE','2026-07-07 19:00:00'),(835,5,131.00,43.67,'SAFE','2026-07-07 20:00:00'),(836,5,150.00,50.00,'SAFE','2026-07-07 21:00:00'),(837,5,142.00,47.33,'SAFE','2026-07-07 22:00:00'),(838,5,132.00,44.00,'SAFE','2026-07-07 23:00:00'),(839,5,112.00,37.33,'SAFE','2026-07-08 00:00:00'),(840,5,111.00,37.00,'SAFE','2026-07-08 01:00:00'),(841,5,97.00,32.33,'SAFE','2026-07-08 02:00:00'),(842,5,88.00,29.33,'SAFE','2026-07-08 03:00:00'),(843,5,78.00,26.00,'SAFE','2026-07-08 04:00:00'),(844,5,79.00,26.33,'SAFE','2026-07-08 05:00:00'),(845,5,85.00,28.33,'SAFE','2026-07-08 06:00:00'),(846,5,67.00,22.33,'SAFE','2026-07-08 07:00:00'),(847,5,82.00,27.33,'SAFE','2026-07-08 08:00:00'),(848,5,99.00,33.00,'SAFE','2026-07-08 09:00:00'),(849,5,86.00,28.67,'SAFE','2026-07-08 10:00:00'),(850,5,98.00,32.67,'SAFE','2026-07-08 11:00:00'),(851,5,86.00,28.67,'SAFE','2026-07-08 12:00:00'),(852,5,104.00,34.67,'SAFE','2026-07-08 13:00:00'),(853,5,100.00,33.33,'SAFE','2026-07-08 14:00:00'),(854,5,109.00,36.33,'SAFE','2026-07-08 15:00:00'),(855,5,127.00,42.33,'SAFE','2026-07-08 16:00:00'),(856,5,121.00,40.33,'SAFE','2026-07-08 17:00:00'),(857,5,137.00,45.67,'SAFE','2026-07-08 18:00:00'),(858,5,157.00,52.33,'SAFE','2026-07-08 19:00:00'),(859,5,175.00,58.33,'SAFE','2026-07-08 20:00:00'),(860,5,178.00,59.33,'SAFE','2026-07-08 21:00:00'),(861,5,195.00,65.00,'SAFE','2026-07-08 22:00:00'),(862,5,214.00,71.33,'WARNING','2026-07-08 23:00:00'),(863,5,198.00,66.00,'SAFE','2026-07-09 00:00:00'),(864,5,203.00,67.67,'SAFE','2026-07-09 01:00:00'),(865,5,197.00,65.67,'SAFE','2026-07-09 02:00:00'),(866,5,196.00,65.33,'SAFE','2026-07-09 03:00:00'),(867,5,216.00,72.00,'WARNING','2026-07-09 04:00:00'),(868,5,197.00,65.67,'SAFE','2026-07-09 05:00:00'),(869,5,206.00,68.67,'SAFE','2026-07-09 06:00:00'),(870,5,215.00,71.67,'WARNING','2026-07-09 07:00:00');
/*!40000 ALTER TABLE `sensor_readings` ENABLE KEYS */;
UNLOCK TABLES;

--
-- Table structure for table `settings`
--

DROP TABLE IF EXISTS `settings`;
/*!40101 SET @saved_cs_client     = @@character_set_client */;
/*!50503 SET character_set_client = utf8mb4 */;
CREATE TABLE `settings` (
  `id` int NOT NULL AUTO_INCREMENT,
  `sensor_height_cm` decimal(6,2) NOT NULL,
  `warning_level_percent` int NOT NULL,
  `critical_level_percent` int NOT NULL,
  `sampling_interval_seconds` int NOT NULL DEFAULT '5',
  `buzzer_enabled` tinyint(1) DEFAULT '1',
  `updated_at` timestamp NULL DEFAULT CURRENT_TIMESTAMP ON UPDATE CURRENT_TIMESTAMP,
  PRIMARY KEY (`id`)
) ENGINE=InnoDB AUTO_INCREMENT=2 DEFAULT CHARSET=utf8mb4 COLLATE=utf8mb4_0900_ai_ci;
/*!40101 SET character_set_client = @saved_cs_client */;

--
-- Dumping data for table `settings`
--

LOCK TABLES `settings` WRITE;
/*!40000 ALTER TABLE `settings` DISABLE KEYS */;
INSERT INTO `settings` VALUES (1,300.00,50,75,5,1,'2026-07-07 07:32:49');
/*!40000 ALTER TABLE `settings` ENABLE KEYS */;
UNLOCK TABLES;

--
-- Table structure for table `users`
--

DROP TABLE IF EXISTS `users`;
/*!40101 SET @saved_cs_client     = @@character_set_client */;
/*!50503 SET character_set_client = utf8mb4 */;
CREATE TABLE `users` (
  `id` int NOT NULL AUTO_INCREMENT,
  `full_name` varchar(100) NOT NULL,
  `email` varchar(100) NOT NULL,
  `password` varchar(255) NOT NULL,
  `role` enum('admin','community') NOT NULL,
  `created_at` timestamp NULL DEFAULT CURRENT_TIMESTAMP,
  `updated_at` timestamp NULL DEFAULT CURRENT_TIMESTAMP ON UPDATE CURRENT_TIMESTAMP,
  PRIMARY KEY (`id`),
  UNIQUE KEY `email` (`email`)
) ENGINE=InnoDB AUTO_INCREMENT=5 DEFAULT CHARSET=utf8mb4 COLLATE=utf8mb4_0900_ai_ci;
/*!40101 SET character_set_client = @saved_cs_client */;

--
-- Dumping data for table `users`
--

LOCK TABLES `users` WRITE;
/*!40000 ALTER TABLE `users` DISABLE KEYS */;
INSERT INTO `users` VALUES (1,'Barangay Captain','admin@gmail.com','admin123','admin','2026-07-07 10:02:55','2026-07-07 10:02:55'),(2,'System Admin','admin@watermonitor.com','$2y$12$DoYihs5A36W7iqqbv6LfeeoH7nfR0f1w7jsq6Y7slLgaEDLiQagvy','admin','2026-07-07 11:19:46','2026-07-07 04:44:29'),(3,'Juan Dela Cruz','juan@community.com','$2y$12$NhXMJTOQiAmqCM3gk1sThue0M7dksVy0IPnN9j.0rokKJRbg3Q5ny','community','2026-07-07 03:22:46','2026-07-07 03:22:46'),(4,'Maria Santos','maria@community.com','$2y$12$HIX6ZalznXVvzRhzhbr60ep3KRqiwzKyjEm8i/Xnihvm0eFHiDecq','community','2026-07-07 03:26:42','2026-07-07 03:26:42');
/*!40000 ALTER TABLE `users` ENABLE KEYS */;
UNLOCK TABLES;
/*!40103 SET TIME_ZONE=@OLD_TIME_ZONE */;

/*!40101 SET SQL_MODE=@OLD_SQL_MODE */;
/*!40014 SET FOREIGN_KEY_CHECKS=@OLD_FOREIGN_KEY_CHECKS */;
/*!40014 SET UNIQUE_CHECKS=@OLD_UNIQUE_CHECKS */;
/*!40101 SET CHARACTER_SET_CLIENT=@OLD_CHARACTER_SET_CLIENT */;
/*!40101 SET CHARACTER_SET_RESULTS=@OLD_CHARACTER_SET_RESULTS */;
/*!40101 SET COLLATION_CONNECTION=@OLD_COLLATION_CONNECTION */;
/*!40111 SET SQL_NOTES=@OLD_SQL_NOTES */;

-- Dump completed on 2026-07-10  0:23:15
